{
  "train_loss": [
    7.4733894518864,
    3.562159929746463,
    2.6212276058432495,
    1.9580026570661568,
    1.4803332060943415,
    1.1416760837590252,
    0.8879365891586115,
    0.7303844616736894,
    0.5982623670572116
  ],
  "val_loss": [
    4.881314754486084,
    4.075722694396973,
    3.760741710662842,
    3.6971521377563477,
    3.832275390625,
    4.007411479949951,
    4.184638023376465,
    4.294506072998047,
    4.5969014167785645
  ],
  "lr": [
    2.025e-05,
    4.05e-05,
    4.944155844155844e-05,
    4.838961038961039e-05,
    4.733766233766234e-05,
    4.628571428571429e-05,
    4.5233766233766234e-05,
    4.4181818181818184e-05,
    4.3129870129870134e-05
  ],
  "epoch_time": [
    663.6547741889954,
    92.8433096408844,
    97.36611533164978,
    98.56812286376953,
    99.37382006645203,
    92.39136672019958,
    92.27613258361816,
    92.04121327400208,
    92.17898797988892
  ]
}